-- Run This:
-- psql -U your_username -d your_database_name -f db_dump.sql




--
-- PostgreSQL database dump
--

-- Dumped from database version 17.5
-- Dumped by pg_dump version 17.5

SET statement_timeout = 0;
SET lock_timeout = 0;
SET idle_in_transaction_session_timeout = 0;
SET transaction_timeout = 0;
SET client_encoding = 'UTF8';
SET standard_conforming_strings = on;
SELECT pg_catalog.set_config('search_path', '', false);
SET check_function_bodies = false;
SET xmloption = content;
SET client_min_messages = warning;
SET row_security = off;

SET default_tablespace = '';

SET default_table_access_method = heap;

--
-- Name: Contexts_contextualdata; Type: TABLE; Schema: public; Owner: Admin
--

CREATE TABLE public."Contexts_contextualdata" (
    id bigint NOT NULL,
    "timestamp" timestamp with time zone NOT NULL,
    device_type character varying(25) NOT NULL,
    season character varying(15) NOT NULL,
    user_id integer NOT NULL
);


ALTER TABLE public."Contexts_contextualdata" OWNER TO "Admin";

--
-- Name: Contexts_contextualdata_id_seq; Type: SEQUENCE; Schema: public; Owner: Admin
--

ALTER TABLE public."Contexts_contextualdata" ALTER COLUMN id ADD GENERATED BY DEFAULT AS IDENTITY (
    SEQUENCE NAME public."Contexts_contextualdata_id_seq"
    START WITH 1
    INCREMENT BY 1
    NO MINVALUE
    NO MAXVALUE
    CACHE 1
);


--
-- Name: History_browsing_history; Type: TABLE; Schema: public; Owner: Admin
--

CREATE TABLE public."History_browsing_history" (
    id bigint NOT NULL,
    "timestamp" timestamp with time zone NOT NULL,
    interaction_type character varying(10) NOT NULL,
    product_id bigint NOT NULL,
    user_id integer NOT NULL
);


ALTER TABLE public."History_browsing_history" OWNER TO "Admin";

--
-- Name: History_browsing_history_id_seq; Type: SEQUENCE; Schema: public; Owner: Admin
--

ALTER TABLE public."History_browsing_history" ALTER COLUMN id ADD GENERATED BY DEFAULT AS IDENTITY (
    SEQUENCE NAME public."History_browsing_history_id_seq"
    START WITH 1
    INCREMENT BY 1
    NO MINVALUE
    NO MAXVALUE
    CACHE 1
);


--
-- Name: History_purchase_history; Type: TABLE; Schema: public; Owner: Admin
--

CREATE TABLE public."History_purchase_history" (
    id bigint NOT NULL,
    quantity integer NOT NULL,
    "timestamp" timestamp with time zone NOT NULL,
    product_id bigint NOT NULL,
    user_id integer NOT NULL
);


ALTER TABLE public."History_purchase_history" OWNER TO "Admin";

--
-- Name: History_purchase_history_id_seq; Type: SEQUENCE; Schema: public; Owner: Admin
--

ALTER TABLE public."History_purchase_history" ALTER COLUMN id ADD GENERATED BY DEFAULT AS IDENTITY (
    SEQUENCE NAME public."History_purchase_history_id_seq"
    START WITH 1
    INCREMENT BY 1
    NO MINVALUE
    NO MAXVALUE
    CACHE 1
);


--
-- Name: Image_Analysis_imageanalysisresult; Type: TABLE; Schema: public; Owner: Admin
--

CREATE TABLE public."Image_Analysis_imageanalysisresult" (
    id bigint NOT NULL,
    upload_path character varying(100) NOT NULL,
    detected_issues character varying(30)[] NOT NULL,
    confidence_scores jsonb NOT NULL,
    analyzed_at timestamp with time zone NOT NULL,
    user_id integer NOT NULL
);


ALTER TABLE public."Image_Analysis_imageanalysisresult" OWNER TO "Admin";

--
-- Name: Image_Analysis_imageanalysisresult_id_seq; Type: SEQUENCE; Schema: public; Owner: Admin
--

ALTER TABLE public."Image_Analysis_imageanalysisresult" ALTER COLUMN id ADD GENERATED BY DEFAULT AS IDENTITY (
    SEQUENCE NAME public."Image_Analysis_imageanalysisresult_id_seq"
    START WITH 1
    INCREMENT BY 1
    NO MINVALUE
    NO MAXVALUE
    CACHE 1
);


--
-- Name: Products_product; Type: TABLE; Schema: public; Owner: Admin
--

CREATE TABLE public."Products_product" (
    id bigint NOT NULL,
    name character varying(255) NOT NULL,
    brand character varying(255) NOT NULL,
    price numeric(8,2) NOT NULL,
    rating double precision,
    category character varying(30) NOT NULL,
    compatible_skin_types character varying(30)[] NOT NULL,
    concerns_targeted character varying(30)[] NOT NULL,
    ingredients character varying(30)[] NOT NULL,
    image_url character varying(200),
    tags character varying(50)[]
);


ALTER TABLE public."Products_product" OWNER TO "Admin";

--
-- Name: Products_product_id_seq; Type: SEQUENCE; Schema: public; Owner: Admin
--

ALTER TABLE public."Products_product" ALTER COLUMN id ADD GENERATED BY DEFAULT AS IDENTITY (
    SEQUENCE NAME public."Products_product_id_seq"
    START WITH 1
    INCREMENT BY 1
    NO MINVALUE
    NO MAXVALUE
    CACHE 1
);


--
-- Name: Quizzes_quizresults; Type: TABLE; Schema: public; Owner: Admin
--

CREATE TABLE public."Quizzes_quizresults" (
    id bigint NOT NULL,
    skin_type character varying(30) NOT NULL,
    concerns character varying(30)[] NOT NULL,
    preferences character varying(30)[] NOT NULL,
    "timestamp" timestamp with time zone NOT NULL,
    budget_range_min numeric(8,2) NOT NULL,
    budget_range_max numeric(8,2) NOT NULL,
    user_id integer NOT NULL
);


ALTER TABLE public."Quizzes_quizresults" OWNER TO "Admin";

--
-- Name: Quizzes_quizresults_id_seq; Type: SEQUENCE; Schema: public; Owner: Admin
--

ALTER TABLE public."Quizzes_quizresults" ALTER COLUMN id ADD GENERATED BY DEFAULT AS IDENTITY (
    SEQUENCE NAME public."Quizzes_quizresults_id_seq"
    START WITH 1
    INCREMENT BY 1
    NO MINVALUE
    NO MAXVALUE
    CACHE 1
);


--
-- Name: Routines_routineplan; Type: TABLE; Schema: public; Owner: Admin
--

CREATE TABLE public."Routines_routineplan" (
    id bigint NOT NULL,
    name character varying(255) NOT NULL,
    steps jsonb NOT NULL,
    created_at timestamp with time zone NOT NULL,
    user_id integer NOT NULL
);


ALTER TABLE public."Routines_routineplan" OWNER TO "Admin";

--
-- Name: Routines_routineplan_id_seq; Type: SEQUENCE; Schema: public; Owner: Admin
--

ALTER TABLE public."Routines_routineplan" ALTER COLUMN id ADD GENERATED BY DEFAULT AS IDENTITY (
    SEQUENCE NAME public."Routines_routineplan_id_seq"
    START WITH 1
    INCREMENT BY 1
    NO MINVALUE
    NO MAXVALUE
    CACHE 1
);


--
-- Name: Users_userprofile; Type: TABLE; Schema: public; Owner: Admin
--

CREATE TABLE public."Users_userprofile" (
    id bigint NOT NULL,
    user_device character varying(25) NOT NULL,
    created_at timestamp with time zone NOT NULL,
    skin_type character varying(30) NOT NULL,
    concerns character varying(30)[] NOT NULL,
    preferences character varying(30)[] NOT NULL,
    user_id integer NOT NULL
);


ALTER TABLE public."Users_userprofile" OWNER TO "Admin";

--
-- Name: Users_userprofile_id_seq; Type: SEQUENCE; Schema: public; Owner: Admin
--

ALTER TABLE public."Users_userprofile" ALTER COLUMN id ADD GENERATED BY DEFAULT AS IDENTITY (
    SEQUENCE NAME public."Users_userprofile_id_seq"
    START WITH 1
    INCREMENT BY 1
    NO MINVALUE
    NO MAXVALUE
    CACHE 1
);


--
-- Name: auth_group; Type: TABLE; Schema: public; Owner: Admin
--

CREATE TABLE public.auth_group (
    id integer NOT NULL,
    name character varying(150) NOT NULL
);


ALTER TABLE public.auth_group OWNER TO "Admin";

--
-- Name: auth_group_id_seq; Type: SEQUENCE; Schema: public; Owner: Admin
--

ALTER TABLE public.auth_group ALTER COLUMN id ADD GENERATED BY DEFAULT AS IDENTITY (
    SEQUENCE NAME public.auth_group_id_seq
    START WITH 1
    INCREMENT BY 1
    NO MINVALUE
    NO MAXVALUE
    CACHE 1
);


--
-- Name: auth_group_permissions; Type: TABLE; Schema: public; Owner: Admin
--

CREATE TABLE public.auth_group_permissions (
    id bigint NOT NULL,
    group_id integer NOT NULL,
    permission_id integer NOT NULL
);


ALTER TABLE public.auth_group_permissions OWNER TO "Admin";

--
-- Name: auth_group_permissions_id_seq; Type: SEQUENCE; Schema: public; Owner: Admin
--

ALTER TABLE public.auth_group_permissions ALTER COLUMN id ADD GENERATED BY DEFAULT AS IDENTITY (
    SEQUENCE NAME public.auth_group_permissions_id_seq
    START WITH 1
    INCREMENT BY 1
    NO MINVALUE
    NO MAXVALUE
    CACHE 1
);


--
-- Name: auth_permission; Type: TABLE; Schema: public; Owner: Admin
--

CREATE TABLE public.auth_permission (
    id integer NOT NULL,
    name character varying(255) NOT NULL,
    content_type_id integer NOT NULL,
    codename character varying(100) NOT NULL
);


ALTER TABLE public.auth_permission OWNER TO "Admin";

--
-- Name: auth_permission_id_seq; Type: SEQUENCE; Schema: public; Owner: Admin
--

ALTER TABLE public.auth_permission ALTER COLUMN id ADD GENERATED BY DEFAULT AS IDENTITY (
    SEQUENCE NAME public.auth_permission_id_seq
    START WITH 1
    INCREMENT BY 1
    NO MINVALUE
    NO MAXVALUE
    CACHE 1
);


--
-- Name: auth_user; Type: TABLE; Schema: public; Owner: Admin
--

CREATE TABLE public.auth_user (
    id integer NOT NULL,
    password character varying(128) NOT NULL,
    last_login timestamp with time zone,
    is_superuser boolean NOT NULL,
    username character varying(150) NOT NULL,
    first_name character varying(150) NOT NULL,
    last_name character varying(150) NOT NULL,
    email character varying(254) NOT NULL,
    is_staff boolean NOT NULL,
    is_active boolean NOT NULL,
    date_joined timestamp with time zone NOT NULL
);


ALTER TABLE public.auth_user OWNER TO "Admin";

--
-- Name: auth_user_groups; Type: TABLE; Schema: public; Owner: Admin
--

CREATE TABLE public.auth_user_groups (
    id bigint NOT NULL,
    user_id integer NOT NULL,
    group_id integer NOT NULL
);


ALTER TABLE public.auth_user_groups OWNER TO "Admin";

--
-- Name: auth_user_groups_id_seq; Type: SEQUENCE; Schema: public; Owner: Admin
--

ALTER TABLE public.auth_user_groups ALTER COLUMN id ADD GENERATED BY DEFAULT AS IDENTITY (
    SEQUENCE NAME public.auth_user_groups_id_seq
    START WITH 1
    INCREMENT BY 1
    NO MINVALUE
    NO MAXVALUE
    CACHE 1
);


--
-- Name: auth_user_id_seq; Type: SEQUENCE; Schema: public; Owner: Admin
--

ALTER TABLE public.auth_user ALTER COLUMN id ADD GENERATED BY DEFAULT AS IDENTITY (
    SEQUENCE NAME public.auth_user_id_seq
    START WITH 1
    INCREMENT BY 1
    NO MINVALUE
    NO MAXVALUE
    CACHE 1
);


--
-- Name: auth_user_user_permissions; Type: TABLE; Schema: public; Owner: Admin
--

CREATE TABLE public.auth_user_user_permissions (
    id bigint NOT NULL,
    user_id integer NOT NULL,
    permission_id integer NOT NULL
);


ALTER TABLE public.auth_user_user_permissions OWNER TO "Admin";

--
-- Name: auth_user_user_permissions_id_seq; Type: SEQUENCE; Schema: public; Owner: Admin
--

ALTER TABLE public.auth_user_user_permissions ALTER COLUMN id ADD GENERATED BY DEFAULT AS IDENTITY (
    SEQUENCE NAME public.auth_user_user_permissions_id_seq
    START WITH 1
    INCREMENT BY 1
    NO MINVALUE
    NO MAXVALUE
    CACHE 1
);


--
-- Name: django_admin_log; Type: TABLE; Schema: public; Owner: Admin
--

CREATE TABLE public.django_admin_log (
    id integer NOT NULL,
    action_time timestamp with time zone NOT NULL,
    object_id text,
    object_repr character varying(200) NOT NULL,
    action_flag smallint NOT NULL,
    change_message text NOT NULL,
    content_type_id integer,
    user_id integer NOT NULL,
    CONSTRAINT django_admin_log_action_flag_check CHECK ((action_flag >= 0))
);


ALTER TABLE public.django_admin_log OWNER TO "Admin";

--
-- Name: django_admin_log_id_seq; Type: SEQUENCE; Schema: public; Owner: Admin
--

ALTER TABLE public.django_admin_log ALTER COLUMN id ADD GENERATED BY DEFAULT AS IDENTITY (
    SEQUENCE NAME public.django_admin_log_id_seq
    START WITH 1
    INCREMENT BY 1
    NO MINVALUE
    NO MAXVALUE
    CACHE 1
);


--
-- Name: django_content_type; Type: TABLE; Schema: public; Owner: Admin
--

CREATE TABLE public.django_content_type (
    id integer NOT NULL,
    app_label character varying(100) NOT NULL,
    model character varying(100) NOT NULL
);


ALTER TABLE public.django_content_type OWNER TO "Admin";

--
-- Name: django_content_type_id_seq; Type: SEQUENCE; Schema: public; Owner: Admin
--

ALTER TABLE public.django_content_type ALTER COLUMN id ADD GENERATED BY DEFAULT AS IDENTITY (
    SEQUENCE NAME public.django_content_type_id_seq
    START WITH 1
    INCREMENT BY 1
    NO MINVALUE
    NO MAXVALUE
    CACHE 1
);


--
-- Name: django_migrations; Type: TABLE; Schema: public; Owner: Admin
--

CREATE TABLE public.django_migrations (
    id bigint NOT NULL,
    app character varying(255) NOT NULL,
    name character varying(255) NOT NULL,
    applied timestamp with time zone NOT NULL
);


ALTER TABLE public.django_migrations OWNER TO "Admin";

--
-- Name: django_migrations_id_seq; Type: SEQUENCE; Schema: public; Owner: Admin
--

ALTER TABLE public.django_migrations ALTER COLUMN id ADD GENERATED BY DEFAULT AS IDENTITY (
    SEQUENCE NAME public.django_migrations_id_seq
    START WITH 1
    INCREMENT BY 1
    NO MINVALUE
    NO MAXVALUE
    CACHE 1
);


--
-- Name: django_session; Type: TABLE; Schema: public; Owner: Admin
--

CREATE TABLE public.django_session (
    session_key character varying(40) NOT NULL,
    session_data text NOT NULL,
    expire_date timestamp with time zone NOT NULL
);


ALTER TABLE public.django_session OWNER TO "Admin";

--
-- Data for Name: Contexts_contextualdata; Type: TABLE DATA; Schema: public; Owner: Admin
--

COPY public."Contexts_contextualdata" (id, "timestamp", device_type, season, user_id) FROM stdin;
\.


--
-- Data for Name: History_browsing_history; Type: TABLE DATA; Schema: public; Owner: Admin
--

COPY public."History_browsing_history" (id, "timestamp", interaction_type, product_id, user_id) FROM stdin;
\.


--
-- Data for Name: History_purchase_history; Type: TABLE DATA; Schema: public; Owner: Admin
--

COPY public."History_purchase_history" (id, quantity, "timestamp", product_id, user_id) FROM stdin;
\.


--
-- Data for Name: Image_Analysis_imageanalysisresult; Type: TABLE DATA; Schema: public; Owner: Admin
--

COPY public."Image_Analysis_imageanalysisresult" (id, upload_path, detected_issues, confidence_scores, analyzed_at, user_id) FROM stdin;
\.


--
-- Data for Name: Products_product; Type: TABLE DATA; Schema: public; Owner: Admin
--

COPY public."Products_product" (id, name, brand, price, rating, category, compatible_skin_types, concerns_targeted, ingredients, image_url, tags) FROM stdin;
1	No7 Good Intent Glow Grind Cleansing Balm 50g	No7	12.95	\N	cleanser	{oily,normal}	{redness}	{niacinamide,hyaluronic_acid,zinc_oxide}	https://boots.scene7.com/is/image/Boots/10363335?id=-Klmv1&fmt=jpg&wid=300&hei=300	{}
2	CeraVe Hydrating Cleanser with 236ml	CeraVe	10.00	\N	cleanser	{normal,dry}	{aging}	{hyaluronic_acid}	https://main.thgimages.com/?url=https://static.thcdn.com/productimg/original/12667341-1745192207293668.jpg&format=webp&width=1500&height=1500&fit=cover	{}
3	Glacier Foam	Zelens	56.00	\N	cleanser	{dry,normal}	{aging}	{aloe_vera,vitamin_c}	https://zelens.com/cdn/shop/products/GLACIER_FOAM_RENEWING_CLEANSER_01_V2_LR_2048.jpg?v=1751456686&width=1000	{}
\.


--
-- Data for Name: Quizzes_quizresults; Type: TABLE DATA; Schema: public; Owner: Admin
--

COPY public."Quizzes_quizresults" (id, skin_type, concerns, preferences, "timestamp", budget_range_min, budget_range_max, user_id) FROM stdin;
\.


--
-- Data for Name: Routines_routineplan; Type: TABLE DATA; Schema: public; Owner: Admin
--

COPY public."Routines_routineplan" (id, name, steps, created_at, user_id) FROM stdin;
\.


--
-- Data for Name: Users_userprofile; Type: TABLE DATA; Schema: public; Owner: Admin
--

COPY public."Users_userprofile" (id, user_device, created_at, skin_type, concerns, preferences, user_id) FROM stdin;
\.


--
-- Data for Name: auth_group; Type: TABLE DATA; Schema: public; Owner: Admin
--

COPY public.auth_group (id, name) FROM stdin;
\.


--
-- Data for Name: auth_group_permissions; Type: TABLE DATA; Schema: public; Owner: Admin
--

COPY public.auth_group_permissions (id, group_id, permission_id) FROM stdin;
\.


--
-- Data for Name: auth_permission; Type: TABLE DATA; Schema: public; Owner: Admin
--

COPY public.auth_permission (id, name, content_type_id, codename) FROM stdin;
1	Can add log entry	1	add_logentry
2	Can change log entry	1	change_logentry
3	Can delete log entry	1	delete_logentry
4	Can view log entry	1	view_logentry
5	Can add permission	2	add_permission
6	Can change permission	2	change_permission
7	Can delete permission	2	delete_permission
8	Can view permission	2	view_permission
9	Can add group	3	add_group
10	Can change group	3	change_group
11	Can delete group	3	delete_group
12	Can view group	3	view_group
13	Can add user	4	add_user
14	Can change user	4	change_user
15	Can delete user	4	delete_user
16	Can view user	4	view_user
17	Can add content type	5	add_contenttype
18	Can change content type	5	change_contenttype
19	Can delete content type	5	delete_contenttype
20	Can view content type	5	view_contenttype
21	Can add session	6	add_session
22	Can change session	6	change_session
23	Can delete session	6	delete_session
24	Can view session	6	view_session
25	Can add user profile	7	add_userprofile
26	Can change user profile	7	change_userprofile
27	Can delete user profile	7	delete_userprofile
28	Can view user profile	7	view_userprofile
29	Can add product	8	add_product
30	Can change product	8	change_product
31	Can delete product	8	delete_product
32	Can view product	8	view_product
33	Can add browsing_ history	9	add_browsing_history
34	Can change browsing_ history	9	change_browsing_history
35	Can delete browsing_ history	9	delete_browsing_history
36	Can view browsing_ history	9	view_browsing_history
37	Can add purchase_ history	10	add_purchase_history
38	Can change purchase_ history	10	change_purchase_history
39	Can delete purchase_ history	10	delete_purchase_history
40	Can view purchase_ history	10	view_purchase_history
41	Can add quiz results	11	add_quizresults
42	Can change quiz results	11	change_quizresults
43	Can delete quiz results	11	delete_quizresults
44	Can view quiz results	11	view_quizresults
45	Can add routine plan	12	add_routineplan
46	Can change routine plan	12	change_routineplan
47	Can delete routine plan	12	delete_routineplan
48	Can view routine plan	12	view_routineplan
49	Can add contextual data	13	add_contextualdata
50	Can change contextual data	13	change_contextualdata
51	Can delete contextual data	13	delete_contextualdata
52	Can view contextual data	13	view_contextualdata
53	Can add image analysis result	14	add_imageanalysisresult
54	Can change image analysis result	14	change_imageanalysisresult
55	Can delete image analysis result	14	delete_imageanalysisresult
56	Can view image analysis result	14	view_imageanalysisresult
\.


--
-- Data for Name: auth_user; Type: TABLE DATA; Schema: public; Owner: Admin
--

COPY public.auth_user (id, password, last_login, is_superuser, username, first_name, last_name, email, is_staff, is_active, date_joined) FROM stdin;
1	pbkdf2_sha256$1000000$Phv9jEGdXIwaqGaB3GDFMO$h+lFuUzWoM8LeFOGQTnNvvaI3JmA6whpkGut0O6xKvI=	2025-07-03 20:24:26.274753+03:30	t	Admin				t	t	2025-07-03 20:23:57.29063+03:30
\.


--
-- Data for Name: auth_user_groups; Type: TABLE DATA; Schema: public; Owner: Admin
--

COPY public.auth_user_groups (id, user_id, group_id) FROM stdin;
\.


--
-- Data for Name: auth_user_user_permissions; Type: TABLE DATA; Schema: public; Owner: Admin
--

COPY public.auth_user_user_permissions (id, user_id, permission_id) FROM stdin;
\.


--
-- Data for Name: django_admin_log; Type: TABLE DATA; Schema: public; Owner: Admin
--

COPY public.django_admin_log (id, action_time, object_id, object_repr, action_flag, change_message, content_type_id, user_id) FROM stdin;
1	2025-07-03 21:34:36.229735+03:30	1	Product object (1)	1	[{"added": {}}]	8	1
2	2025-07-03 22:24:04.205897+03:30	2	Product object (2)	1	[{"added": {}}]	8	1
3	2025-07-03 22:28:58.300084+03:30	3	Product object (3)	1	[{"added": {}}]	8	1
\.


--
-- Data for Name: django_content_type; Type: TABLE DATA; Schema: public; Owner: Admin
--

COPY public.django_content_type (id, app_label, model) FROM stdin;
1	admin	logentry
2	auth	permission
3	auth	group
4	auth	user
5	contenttypes	contenttype
6	sessions	session
7	Users	userprofile
8	Products	product
9	History	browsing_history
10	History	purchase_history
11	Quizzes	quizresults
12	Routines	routineplan
13	Contexts	contextualdata
14	Image_Analysis	imageanalysisresult
\.


--
-- Data for Name: django_migrations; Type: TABLE DATA; Schema: public; Owner: Admin
--

COPY public.django_migrations (id, app, name, applied) FROM stdin;
1	contenttypes	0001_initial	2025-07-03 20:21:15.560487+03:30
2	auth	0001_initial	2025-07-03 20:21:15.649022+03:30
3	Contexts	0001_initial	2025-07-03 20:21:15.668629+03:30
4	Products	0001_initial	2025-07-03 20:21:15.683431+03:30
5	History	0001_initial	2025-07-03 20:21:15.729569+03:30
6	Image_Analysis	0001_initial	2025-07-03 20:21:15.751946+03:30
7	Quizzes	0001_initial	2025-07-03 20:21:15.778402+03:30
8	Routines	0001_initial	2025-07-03 20:21:15.801079+03:30
9	Users	0001_initial	2025-07-03 20:21:15.826029+03:30
10	admin	0001_initial	2025-07-03 20:21:15.863047+03:30
11	admin	0002_logentry_remove_auto_add	2025-07-03 20:21:15.875528+03:30
12	admin	0003_logentry_add_action_flag_choices	2025-07-03 20:21:15.887574+03:30
13	contenttypes	0002_remove_content_type_name	2025-07-03 20:21:15.918283+03:30
14	auth	0002_alter_permission_name_max_length	2025-07-03 20:21:15.934868+03:30
15	auth	0003_alter_user_email_max_length	2025-07-03 20:21:15.950544+03:30
16	auth	0004_alter_user_username_opts	2025-07-03 20:21:15.969034+03:30
17	auth	0005_alter_user_last_login_null	2025-07-03 20:21:15.986088+03:30
18	auth	0006_require_contenttypes_0002	2025-07-03 20:21:15.987159+03:30
19	auth	0007_alter_validators_add_error_messages	2025-07-03 20:21:16.002571+03:30
20	auth	0008_alter_user_username_max_length	2025-07-03 20:21:16.02194+03:30
21	auth	0009_alter_user_last_name_max_length	2025-07-03 20:21:16.036169+03:30
22	auth	0010_alter_group_name_max_length	2025-07-03 20:21:16.05325+03:30
23	auth	0011_update_proxy_permissions	2025-07-03 20:21:16.080073+03:30
24	auth	0012_alter_user_first_name_max_length	2025-07-03 20:21:16.096186+03:30
25	sessions	0001_initial	2025-07-03 20:21:16.105831+03:30
26	Products	0002_alter_product_rating	2025-07-03 20:31:59.373417+03:30
27	Products	0003_alter_product_rating_alter_product_tags	2025-07-03 20:35:25.961133+03:30
28	Products	0004_alter_product_concerns_targeted	2025-07-03 22:21:00.614701+03:30
\.


--
-- Data for Name: django_session; Type: TABLE DATA; Schema: public; Owner: Admin
--

COPY public.django_session (session_key, session_data, expire_date) FROM stdin;
sqfrxppvojxt4pqc1ox21xjasa07ze04	.eJxVjMsOwiAQRf-FtSFAh0dcuvcbyMAwUjWQlHZl_Hdt0oVu7znnvkTEba1xG2WJM4mz0OL0uyXMj9J2QHdsty5zb-syJ7kr8qBDXjuV5-Vw_w4qjvqtA2qPxTGyDQSsUzFZOeUZmJwt1meGZBSFySQDGXjy1huiEKwCN4F4fwD9_TfZ:1uXNCc:VHNaD1CdoB6qwPurfwup6YdYYikPvBR5nc50hftKIQI	2025-07-17 20:24:26.281287+03:30
\.


--
-- Name: Contexts_contextualdata_id_seq; Type: SEQUENCE SET; Schema: public; Owner: Admin
--

SELECT pg_catalog.setval('public."Contexts_contextualdata_id_seq"', 1, false);


--
-- Name: History_browsing_history_id_seq; Type: SEQUENCE SET; Schema: public; Owner: Admin
--

SELECT pg_catalog.setval('public."History_browsing_history_id_seq"', 1, false);


--
-- Name: History_purchase_history_id_seq; Type: SEQUENCE SET; Schema: public; Owner: Admin
--

SELECT pg_catalog.setval('public."History_purchase_history_id_seq"', 1, false);


--
-- Name: Image_Analysis_imageanalysisresult_id_seq; Type: SEQUENCE SET; Schema: public; Owner: Admin
--

SELECT pg_catalog.setval('public."Image_Analysis_imageanalysisresult_id_seq"', 1, false);


--
-- Name: Products_product_id_seq; Type: SEQUENCE SET; Schema: public; Owner: Admin
--

SELECT pg_catalog.setval('public."Products_product_id_seq"', 3, true);


--
-- Name: Quizzes_quizresults_id_seq; Type: SEQUENCE SET; Schema: public; Owner: Admin
--

SELECT pg_catalog.setval('public."Quizzes_quizresults_id_seq"', 1, false);


--
-- Name: Routines_routineplan_id_seq; Type: SEQUENCE SET; Schema: public; Owner: Admin
--

SELECT pg_catalog.setval('public."Routines_routineplan_id_seq"', 1, false);


--
-- Name: Users_userprofile_id_seq; Type: SEQUENCE SET; Schema: public; Owner: Admin
--

SELECT pg_catalog.setval('public."Users_userprofile_id_seq"', 1, false);


--
-- Name: auth_group_id_seq; Type: SEQUENCE SET; Schema: public; Owner: Admin
--

SELECT pg_catalog.setval('public.auth_group_id_seq', 1, false);


--
-- Name: auth_group_permissions_id_seq; Type: SEQUENCE SET; Schema: public; Owner: Admin
--

SELECT pg_catalog.setval('public.auth_group_permissions_id_seq', 1, false);


--
-- Name: auth_permission_id_seq; Type: SEQUENCE SET; Schema: public; Owner: Admin
--

SELECT pg_catalog.setval('public.auth_permission_id_seq', 56, true);


--
-- Name: auth_user_groups_id_seq; Type: SEQUENCE SET; Schema: public; Owner: Admin
--

SELECT pg_catalog.setval('public.auth_user_groups_id_seq', 1, false);


--
-- Name: auth_user_id_seq; Type: SEQUENCE SET; Schema: public; Owner: Admin
--

SELECT pg_catalog.setval('public.auth_user_id_seq', 1, true);


--
-- Name: auth_user_user_permissions_id_seq; Type: SEQUENCE SET; Schema: public; Owner: Admin
--

SELECT pg_catalog.setval('public.auth_user_user_permissions_id_seq', 1, false);


--
-- Name: django_admin_log_id_seq; Type: SEQUENCE SET; Schema: public; Owner: Admin
--

SELECT pg_catalog.setval('public.django_admin_log_id_seq', 3, true);


--
-- Name: django_content_type_id_seq; Type: SEQUENCE SET; Schema: public; Owner: Admin
--

SELECT pg_catalog.setval('public.django_content_type_id_seq', 14, true);


--
-- Name: django_migrations_id_seq; Type: SEQUENCE SET; Schema: public; Owner: Admin
--

SELECT pg_catalog.setval('public.django_migrations_id_seq', 28, true);


--
-- Name: Contexts_contextualdata Contexts_contextualdata_pkey; Type: CONSTRAINT; Schema: public; Owner: Admin
--

ALTER TABLE ONLY public."Contexts_contextualdata"
    ADD CONSTRAINT "Contexts_contextualdata_pkey" PRIMARY KEY (id);


--
-- Name: History_browsing_history History_browsing_history_pkey; Type: CONSTRAINT; Schema: public; Owner: Admin
--

ALTER TABLE ONLY public."History_browsing_history"
    ADD CONSTRAINT "History_browsing_history_pkey" PRIMARY KEY (id);


--
-- Name: History_purchase_history History_purchase_history_pkey; Type: CONSTRAINT; Schema: public; Owner: Admin
--

ALTER TABLE ONLY public."History_purchase_history"
    ADD CONSTRAINT "History_purchase_history_pkey" PRIMARY KEY (id);


--
-- Name: Image_Analysis_imageanalysisresult Image_Analysis_imageanalysisresult_pkey; Type: CONSTRAINT; Schema: public; Owner: Admin
--

ALTER TABLE ONLY public."Image_Analysis_imageanalysisresult"
    ADD CONSTRAINT "Image_Analysis_imageanalysisresult_pkey" PRIMARY KEY (id);


--
-- Name: Products_product Products_product_pkey; Type: CONSTRAINT; Schema: public; Owner: Admin
--

ALTER TABLE ONLY public."Products_product"
    ADD CONSTRAINT "Products_product_pkey" PRIMARY KEY (id);


--
-- Name: Quizzes_quizresults Quizzes_quizresults_pkey; Type: CONSTRAINT; Schema: public; Owner: Admin
--

ALTER TABLE ONLY public."Quizzes_quizresults"
    ADD CONSTRAINT "Quizzes_quizresults_pkey" PRIMARY KEY (id);


--
-- Name: Routines_routineplan Routines_routineplan_pkey; Type: CONSTRAINT; Schema: public; Owner: Admin
--

ALTER TABLE ONLY public."Routines_routineplan"
    ADD CONSTRAINT "Routines_routineplan_pkey" PRIMARY KEY (id);


--
-- Name: Users_userprofile Users_userprofile_pkey; Type: CONSTRAINT; Schema: public; Owner: Admin
--

ALTER TABLE ONLY public."Users_userprofile"
    ADD CONSTRAINT "Users_userprofile_pkey" PRIMARY KEY (id);


--
-- Name: Users_userprofile Users_userprofile_user_id_key; Type: CONSTRAINT; Schema: public; Owner: Admin
--

ALTER TABLE ONLY public."Users_userprofile"
    ADD CONSTRAINT "Users_userprofile_user_id_key" UNIQUE (user_id);


--
-- Name: auth_group auth_group_name_key; Type: CONSTRAINT; Schema: public; Owner: Admin
--

ALTER TABLE ONLY public.auth_group
    ADD CONSTRAINT auth_group_name_key UNIQUE (name);


--
-- Name: auth_group_permissions auth_group_permissions_group_id_permission_id_0cd325b0_uniq; Type: CONSTRAINT; Schema: public; Owner: Admin
--

ALTER TABLE ONLY public.auth_group_permissions
    ADD CONSTRAINT auth_group_permissions_group_id_permission_id_0cd325b0_uniq UNIQUE (group_id, permission_id);


--
-- Name: auth_group_permissions auth_group_permissions_pkey; Type: CONSTRAINT; Schema: public; Owner: Admin
--

ALTER TABLE ONLY public.auth_group_permissions
    ADD CONSTRAINT auth_group_permissions_pkey PRIMARY KEY (id);


--
-- Name: auth_group auth_group_pkey; Type: CONSTRAINT; Schema: public; Owner: Admin
--

ALTER TABLE ONLY public.auth_group
    ADD CONSTRAINT auth_group_pkey PRIMARY KEY (id);


--
-- Name: auth_permission auth_permission_content_type_id_codename_01ab375a_uniq; Type: CONSTRAINT; Schema: public; Owner: Admin
--

ALTER TABLE ONLY public.auth_permission
    ADD CONSTRAINT auth_permission_content_type_id_codename_01ab375a_uniq UNIQUE (content_type_id, codename);


--
-- Name: auth_permission auth_permission_pkey; Type: CONSTRAINT; Schema: public; Owner: Admin
--

ALTER TABLE ONLY public.auth_permission
    ADD CONSTRAINT auth_permission_pkey PRIMARY KEY (id);


--
-- Name: auth_user_groups auth_user_groups_pkey; Type: CONSTRAINT; Schema: public; Owner: Admin
--

ALTER TABLE ONLY public.auth_user_groups
    ADD CONSTRAINT auth_user_groups_pkey PRIMARY KEY (id);


--
-- Name: auth_user_groups auth_user_groups_user_id_group_id_94350c0c_uniq; Type: CONSTRAINT; Schema: public; Owner: Admin
--

ALTER TABLE ONLY public.auth_user_groups
    ADD CONSTRAINT auth_user_groups_user_id_group_id_94350c0c_uniq UNIQUE (user_id, group_id);


--
-- Name: auth_user auth_user_pkey; Type: CONSTRAINT; Schema: public; Owner: Admin
--

ALTER TABLE ONLY public.auth_user
    ADD CONSTRAINT auth_user_pkey PRIMARY KEY (id);


--
-- Name: auth_user_user_permissions auth_user_user_permissions_pkey; Type: CONSTRAINT; Schema: public; Owner: Admin
--

ALTER TABLE ONLY public.auth_user_user_permissions
    ADD CONSTRAINT auth_user_user_permissions_pkey PRIMARY KEY (id);


--
-- Name: auth_user_user_permissions auth_user_user_permissions_user_id_permission_id_14a6b632_uniq; Type: CONSTRAINT; Schema: public; Owner: Admin
--

ALTER TABLE ONLY public.auth_user_user_permissions
    ADD CONSTRAINT auth_user_user_permissions_user_id_permission_id_14a6b632_uniq UNIQUE (user_id, permission_id);


--
-- Name: auth_user auth_user_username_key; Type: CONSTRAINT; Schema: public; Owner: Admin
--

ALTER TABLE ONLY public.auth_user
    ADD CONSTRAINT auth_user_username_key UNIQUE (username);


--
-- Name: django_admin_log django_admin_log_pkey; Type: CONSTRAINT; Schema: public; Owner: Admin
--

ALTER TABLE ONLY public.django_admin_log
    ADD CONSTRAINT django_admin_log_pkey PRIMARY KEY (id);


--
-- Name: django_content_type django_content_type_app_label_model_76bd3d3b_uniq; Type: CONSTRAINT; Schema: public; Owner: Admin
--

ALTER TABLE ONLY public.django_content_type
    ADD CONSTRAINT django_content_type_app_label_model_76bd3d3b_uniq UNIQUE (app_label, model);


--
-- Name: django_content_type django_content_type_pkey; Type: CONSTRAINT; Schema: public; Owner: Admin
--

ALTER TABLE ONLY public.django_content_type
    ADD CONSTRAINT django_content_type_pkey PRIMARY KEY (id);


--
-- Name: django_migrations django_migrations_pkey; Type: CONSTRAINT; Schema: public; Owner: Admin
--

ALTER TABLE ONLY public.django_migrations
    ADD CONSTRAINT django_migrations_pkey PRIMARY KEY (id);


--
-- Name: django_session django_session_pkey; Type: CONSTRAINT; Schema: public; Owner: Admin
--

ALTER TABLE ONLY public.django_session
    ADD CONSTRAINT django_session_pkey PRIMARY KEY (session_key);


--
-- Name: Contexts_contextualdata_user_id_4d1cdc24; Type: INDEX; Schema: public; Owner: Admin
--

CREATE INDEX "Contexts_contextualdata_user_id_4d1cdc24" ON public."Contexts_contextualdata" USING btree (user_id);


--
-- Name: History_browsing_history_product_id_6250fbd0; Type: INDEX; Schema: public; Owner: Admin
--

CREATE INDEX "History_browsing_history_product_id_6250fbd0" ON public."History_browsing_history" USING btree (product_id);


--
-- Name: History_browsing_history_user_id_b4989fd7; Type: INDEX; Schema: public; Owner: Admin
--

CREATE INDEX "History_browsing_history_user_id_b4989fd7" ON public."History_browsing_history" USING btree (user_id);


--
-- Name: History_purchase_history_product_id_4120dd8f; Type: INDEX; Schema: public; Owner: Admin
--

CREATE INDEX "History_purchase_history_product_id_4120dd8f" ON public."History_purchase_history" USING btree (product_id);


--
-- Name: History_purchase_history_user_id_bcac218a; Type: INDEX; Schema: public; Owner: Admin
--

CREATE INDEX "History_purchase_history_user_id_bcac218a" ON public."History_purchase_history" USING btree (user_id);


--
-- Name: Image_Analysis_imageanalysisresult_user_id_dcfba7bf; Type: INDEX; Schema: public; Owner: Admin
--

CREATE INDEX "Image_Analysis_imageanalysisresult_user_id_dcfba7bf" ON public."Image_Analysis_imageanalysisresult" USING btree (user_id);


--
-- Name: Quizzes_quizresults_user_id_cab91cdd; Type: INDEX; Schema: public; Owner: Admin
--

CREATE INDEX "Quizzes_quizresults_user_id_cab91cdd" ON public."Quizzes_quizresults" USING btree (user_id);


--
-- Name: Routines_routineplan_user_id_abe92477; Type: INDEX; Schema: public; Owner: Admin
--

CREATE INDEX "Routines_routineplan_user_id_abe92477" ON public."Routines_routineplan" USING btree (user_id);


--
-- Name: auth_group_name_a6ea08ec_like; Type: INDEX; Schema: public; Owner: Admin
--

CREATE INDEX auth_group_name_a6ea08ec_like ON public.auth_group USING btree (name varchar_pattern_ops);


--
-- Name: auth_group_permissions_group_id_b120cbf9; Type: INDEX; Schema: public; Owner: Admin
--

CREATE INDEX auth_group_permissions_group_id_b120cbf9 ON public.auth_group_permissions USING btree (group_id);


--
-- Name: auth_group_permissions_permission_id_84c5c92e; Type: INDEX; Schema: public; Owner: Admin
--

CREATE INDEX auth_group_permissions_permission_id_84c5c92e ON public.auth_group_permissions USING btree (permission_id);


--
-- Name: auth_permission_content_type_id_2f476e4b; Type: INDEX; Schema: public; Owner: Admin
--

CREATE INDEX auth_permission_content_type_id_2f476e4b ON public.auth_permission USING btree (content_type_id);


--
-- Name: auth_user_groups_group_id_97559544; Type: INDEX; Schema: public; Owner: Admin
--

CREATE INDEX auth_user_groups_group_id_97559544 ON public.auth_user_groups USING btree (group_id);


--
-- Name: auth_user_groups_user_id_6a12ed8b; Type: INDEX; Schema: public; Owner: Admin
--

CREATE INDEX auth_user_groups_user_id_6a12ed8b ON public.auth_user_groups USING btree (user_id);


--
-- Name: auth_user_user_permissions_permission_id_1fbb5f2c; Type: INDEX; Schema: public; Owner: Admin
--

CREATE INDEX auth_user_user_permissions_permission_id_1fbb5f2c ON public.auth_user_user_permissions USING btree (permission_id);


--
-- Name: auth_user_user_permissions_user_id_a95ead1b; Type: INDEX; Schema: public; Owner: Admin
--

CREATE INDEX auth_user_user_permissions_user_id_a95ead1b ON public.auth_user_user_permissions USING btree (user_id);


--
-- Name: auth_user_username_6821ab7c_like; Type: INDEX; Schema: public; Owner: Admin
--

CREATE INDEX auth_user_username_6821ab7c_like ON public.auth_user USING btree (username varchar_pattern_ops);


--
-- Name: django_admin_log_content_type_id_c4bce8eb; Type: INDEX; Schema: public; Owner: Admin
--

CREATE INDEX django_admin_log_content_type_id_c4bce8eb ON public.django_admin_log USING btree (content_type_id);


--
-- Name: django_admin_log_user_id_c564eba6; Type: INDEX; Schema: public; Owner: Admin
--

CREATE INDEX django_admin_log_user_id_c564eba6 ON public.django_admin_log USING btree (user_id);


--
-- Name: django_session_expire_date_a5c62663; Type: INDEX; Schema: public; Owner: Admin
--

CREATE INDEX django_session_expire_date_a5c62663 ON public.django_session USING btree (expire_date);


--
-- Name: django_session_session_key_c0390e0f_like; Type: INDEX; Schema: public; Owner: Admin
--

CREATE INDEX django_session_session_key_c0390e0f_like ON public.django_session USING btree (session_key varchar_pattern_ops);


--
-- Name: Contexts_contextualdata Contexts_contextualdata_user_id_4d1cdc24_fk_auth_user_id; Type: FK CONSTRAINT; Schema: public; Owner: Admin
--

ALTER TABLE ONLY public."Contexts_contextualdata"
    ADD CONSTRAINT "Contexts_contextualdata_user_id_4d1cdc24_fk_auth_user_id" FOREIGN KEY (user_id) REFERENCES public.auth_user(id) DEFERRABLE INITIALLY DEFERRED;


--
-- Name: History_browsing_history History_browsing_his_product_id_6250fbd0_fk_Products_; Type: FK CONSTRAINT; Schema: public; Owner: Admin
--

ALTER TABLE ONLY public."History_browsing_history"
    ADD CONSTRAINT "History_browsing_his_product_id_6250fbd0_fk_Products_" FOREIGN KEY (product_id) REFERENCES public."Products_product"(id) DEFERRABLE INITIALLY DEFERRED;


--
-- Name: History_browsing_history History_browsing_history_user_id_b4989fd7_fk_auth_user_id; Type: FK CONSTRAINT; Schema: public; Owner: Admin
--

ALTER TABLE ONLY public."History_browsing_history"
    ADD CONSTRAINT "History_browsing_history_user_id_b4989fd7_fk_auth_user_id" FOREIGN KEY (user_id) REFERENCES public.auth_user(id) DEFERRABLE INITIALLY DEFERRED;


--
-- Name: History_purchase_history History_purchase_his_product_id_4120dd8f_fk_Products_; Type: FK CONSTRAINT; Schema: public; Owner: Admin
--

ALTER TABLE ONLY public."History_purchase_history"
    ADD CONSTRAINT "History_purchase_his_product_id_4120dd8f_fk_Products_" FOREIGN KEY (product_id) REFERENCES public."Products_product"(id) DEFERRABLE INITIALLY DEFERRED;


--
-- Name: History_purchase_history History_purchase_history_user_id_bcac218a_fk_auth_user_id; Type: FK CONSTRAINT; Schema: public; Owner: Admin
--

ALTER TABLE ONLY public."History_purchase_history"
    ADD CONSTRAINT "History_purchase_history_user_id_bcac218a_fk_auth_user_id" FOREIGN KEY (user_id) REFERENCES public.auth_user(id) DEFERRABLE INITIALLY DEFERRED;


--
-- Name: Image_Analysis_imageanalysisresult Image_Analysis_image_user_id_dcfba7bf_fk_auth_user; Type: FK CONSTRAINT; Schema: public; Owner: Admin
--

ALTER TABLE ONLY public."Image_Analysis_imageanalysisresult"
    ADD CONSTRAINT "Image_Analysis_image_user_id_dcfba7bf_fk_auth_user" FOREIGN KEY (user_id) REFERENCES public.auth_user(id) DEFERRABLE INITIALLY DEFERRED;


--
-- Name: Quizzes_quizresults Quizzes_quizresults_user_id_cab91cdd_fk_auth_user_id; Type: FK CONSTRAINT; Schema: public; Owner: Admin
--

ALTER TABLE ONLY public."Quizzes_quizresults"
    ADD CONSTRAINT "Quizzes_quizresults_user_id_cab91cdd_fk_auth_user_id" FOREIGN KEY (user_id) REFERENCES public.auth_user(id) DEFERRABLE INITIALLY DEFERRED;


--
-- Name: Routines_routineplan Routines_routineplan_user_id_abe92477_fk_auth_user_id; Type: FK CONSTRAINT; Schema: public; Owner: Admin
--

ALTER TABLE ONLY public."Routines_routineplan"
    ADD CONSTRAINT "Routines_routineplan_user_id_abe92477_fk_auth_user_id" FOREIGN KEY (user_id) REFERENCES public.auth_user(id) DEFERRABLE INITIALLY DEFERRED;


--
-- Name: Users_userprofile Users_userprofile_user_id_3d507631_fk_auth_user_id; Type: FK CONSTRAINT; Schema: public; Owner: Admin
--

ALTER TABLE ONLY public."Users_userprofile"
    ADD CONSTRAINT "Users_userprofile_user_id_3d507631_fk_auth_user_id" FOREIGN KEY (user_id) REFERENCES public.auth_user(id) DEFERRABLE INITIALLY DEFERRED;


--
-- Name: auth_group_permissions auth_group_permissio_permission_id_84c5c92e_fk_auth_perm; Type: FK CONSTRAINT; Schema: public; Owner: Admin
--

ALTER TABLE ONLY public.auth_group_permissions
    ADD CONSTRAINT auth_group_permissio_permission_id_84c5c92e_fk_auth_perm FOREIGN KEY (permission_id) REFERENCES public.auth_permission(id) DEFERRABLE INITIALLY DEFERRED;


--
-- Name: auth_group_permissions auth_group_permissions_group_id_b120cbf9_fk_auth_group_id; Type: FK CONSTRAINT; Schema: public; Owner: Admin
--

ALTER TABLE ONLY public.auth_group_permissions
    ADD CONSTRAINT auth_group_permissions_group_id_b120cbf9_fk_auth_group_id FOREIGN KEY (group_id) REFERENCES public.auth_group(id) DEFERRABLE INITIALLY DEFERRED;


--
-- Name: auth_permission auth_permission_content_type_id_2f476e4b_fk_django_co; Type: FK CONSTRAINT; Schema: public; Owner: Admin
--

ALTER TABLE ONLY public.auth_permission
    ADD CONSTRAINT auth_permission_content_type_id_2f476e4b_fk_django_co FOREIGN KEY (content_type_id) REFERENCES public.django_content_type(id) DEFERRABLE INITIALLY DEFERRED;


--
-- Name: auth_user_groups auth_user_groups_group_id_97559544_fk_auth_group_id; Type: FK CONSTRAINT; Schema: public; Owner: Admin
--

ALTER TABLE ONLY public.auth_user_groups
    ADD CONSTRAINT auth_user_groups_group_id_97559544_fk_auth_group_id FOREIGN KEY (group_id) REFERENCES public.auth_group(id) DEFERRABLE INITIALLY DEFERRED;


--
-- Name: auth_user_groups auth_user_groups_user_id_6a12ed8b_fk_auth_user_id; Type: FK CONSTRAINT; Schema: public; Owner: Admin
--

ALTER TABLE ONLY public.auth_user_groups
    ADD CONSTRAINT auth_user_groups_user_id_6a12ed8b_fk_auth_user_id FOREIGN KEY (user_id) REFERENCES public.auth_user(id) DEFERRABLE INITIALLY DEFERRED;


--
-- Name: auth_user_user_permissions auth_user_user_permi_permission_id_1fbb5f2c_fk_auth_perm; Type: FK CONSTRAINT; Schema: public; Owner: Admin
--

ALTER TABLE ONLY public.auth_user_user_permissions
    ADD CONSTRAINT auth_user_user_permi_permission_id_1fbb5f2c_fk_auth_perm FOREIGN KEY (permission_id) REFERENCES public.auth_permission(id) DEFERRABLE INITIALLY DEFERRED;


--
-- Name: auth_user_user_permissions auth_user_user_permissions_user_id_a95ead1b_fk_auth_user_id; Type: FK CONSTRAINT; Schema: public; Owner: Admin
--

ALTER TABLE ONLY public.auth_user_user_permissions
    ADD CONSTRAINT auth_user_user_permissions_user_id_a95ead1b_fk_auth_user_id FOREIGN KEY (user_id) REFERENCES public.auth_user(id) DEFERRABLE INITIALLY DEFERRED;


--
-- Name: django_admin_log django_admin_log_content_type_id_c4bce8eb_fk_django_co; Type: FK CONSTRAINT; Schema: public; Owner: Admin
--

ALTER TABLE ONLY public.django_admin_log
    ADD CONSTRAINT django_admin_log_content_type_id_c4bce8eb_fk_django_co FOREIGN KEY (content_type_id) REFERENCES public.django_content_type(id) DEFERRABLE INITIALLY DEFERRED;


--
-- Name: django_admin_log django_admin_log_user_id_c564eba6_fk_auth_user_id; Type: FK CONSTRAINT; Schema: public; Owner: Admin
--

ALTER TABLE ONLY public.django_admin_log
    ADD CONSTRAINT django_admin_log_user_id_c564eba6_fk_auth_user_id FOREIGN KEY (user_id) REFERENCES public.auth_user(id) DEFERRABLE INITIALLY DEFERRED;


--
-- PostgreSQL database dump complete
--

